SourceUnit,TargetUnit,Factor
meter,feet,3.28084
feet,inch,12
mile,kilometer,1.609344
kilometer,meter,1000
meter,yard,1.093613
meter,centimeter,100
centimeter,meter,0.01
meter,millimeter,1000
centimeter,inch,0.3937008
inch,centimeter,2.54
feet,meter,0.3048
mile,feet,5280
yard,feet,3
yard,inch,36
kilometer,mile,0.6213712
nauticalmile,kilometer,1.852
nauticalmile,mile,1.150779
millimeter,inch,0.03937008
mile,yard,1760
kilogram,pound,2.204623
kilogram,ounce,35.27396
kilogram,gram,1000
pound,ounce,16
pound,kilogram,0.4535924
gram,milligram,1000
milligram,gram,0.001
ounce,gram,28.34952
stone,pound,14
stone,kilogram,6.350293
tonne,kilogram,1000
tonne,pound,2204.623
pound,gram,453.5924
liter,milliliter,1000
gallon,liter,3.785412
gallon,quart,4
quart,pint,2
pint,cup,2
cup,milliliter,236.5882
tablespoon,teaspoon,3
tablespoon,milliliter,14.78676
teaspoon,milliliter,4.928922
liter,gallon,0.2641721
gallon,pint,8
cup,tablespoon,16
hour,minute,60
minute,second,60
day,hour,24
week,day,7
second,millisecond,1000
minute,hour,0.01666667
hour,day,0.04166667
day,minute,1440
week,hour,168
hour,second,3600
mps,kph,3.6
kph,mps,0.2777778
mph,kph,1.609344
mph,mps,0.44704
knot,kph,1.852
knot,mph,1.150779
fps,mps,0.3048
kph,mph,0.6213712
acre,squarefoot,43560
squaremile,acre,640
hectare,acre,2.471054
hectare,squaremeter,10000
squarekilometer,squaremeter,1000000
squarefoot,squaremeter,0.09290304
acre,squaremeter,4046.856
squaremile,squarekilometer,2.589988
kilobyte,byte,1000
megabyte,kilobyte,1000
gigabyte,megabyte,1000
terabyte,gigabyte,1000
byte,bit,8
megabyte,byte,1000000
gigabyte,byte,1000000000
kilojoule,joule,1000
kilocalorie,calorie,1000
calorie,joule,4.184
kilocalorie,kilojoule,4.184
kilowatthour,watthour,1000
kilowatthour,joule,3600000
watthour,joule,3600
joule,calorie,0.2390057
kilopascal,pascal,1000
bar,kilopascal,100
atmosphere,pascal,101325
atmosphere,kilopascal,101.325
psi,pascal,6894.757
atmosphere,psi,14.69595
bar,psi,14.50377
psi,bar,0.06894757
